Sample,  D47, SE_D47,   D48, SE_D48,   pvalue_eq,     Teq,  SE_Teq, correl_Teq,          ,          ,     Tkp,  SE_Tkp, correl_Tkp,          ,         , correl_D47_Teq,          ,          , correl_D48_Teq,          ,          , correl_D47_Tkp,          ,          , correl_D48_Tkp,          ,          , correl_Teq_Tkp,          ,         
   FOO, 0.25,  0.005, 0.155,  0.015,   0.0947489, 365.565, 18.3746,   1.000000, -0.019675,  0.100556, 302.552, 34.4258,   1.000000, -0.005085, 0.089375,      -0.942168,  0.000000,  0.000000,      -0.059173,  0.000000,  0.000000,      -0.304042,  0.000000,  0.000000,      -0.912126,  0.000000,  0.000000,       0.381103, -0.008749, 0.020314
   BAR, 0.64,  0.005,  0.27,  0.015,    0.785658, 10.6163,   1.452,  -0.019675,  1.000000, -0.008087, 9.80117, 3.30725,  -0.005085,  1.000000, 0.061600,       0.000000, -0.959669,  0.000000,       0.000000, -0.131349,  0.000000,       0.000000, -0.295532,  0.000000,       0.000000, -0.886595,  0.000000,      -0.007108,  0.435691, 0.010810
   BAZ, 0.39,  0.005,  0.29,  0.015, 9.99201e-16, 127.416, 4.37704,   0.100556, -0.008087,  1.000000, 71.5924,  6.9753,   0.089375,  0.061600, 1.000000,       0.000000,  0.000000, -0.932469,       0.000000,  0.000000, -0.113134,       0.000000,  0.000000, -0.269175,       0.000000,  0.000000, -0.807525,       0.045870, -0.013779, 0.366435