Sample,  D47, SE_D47,   D48, SE_D48,   pvalue_eq,     Teq,  SE_Teq, correl_Teq,          ,          ,     Tkp,  SE_Tkp, correl_Tkp,          ,         , correl_D47_Teq,          ,          , correl_D48_Teq,          ,          , correl_D47_Tkp,          ,          , correl_D48_Tkp,          ,          , correl_Teq_Tkp,          ,         
   FOO, 0.25,  0.005, 0.155,  0.015,    0.346363, 364.595,  18.727,   1.000000, -0.019996,  0.104942, 308.887, 36.2857,   1.000000, -0.011806, 0.092226,      -0.942393,  0.000323, -0.001161,      -0.053894, -0.001483,  0.009718,      -0.300926,  0.000000,  0.000000,      -0.902779,  0.000000,  0.000000,       0.374863, -0.008694, 0.026355
   BAR, 0.64,  0.005,  0.27,  0.015,    0.985076, 10.7021, 1.45353,  -0.019996,  1.000000, -0.012193, 10.1227, 3.39259,  -0.011806,  1.000000, 0.067141,       0.000176, -0.961101,  0.002007,      -0.001401, -0.119338, -0.013930,       0.000000, -0.291061,  0.000000,       0.000000, -0.873182,  0.000000,      -0.007088,  0.422311, 0.006909
   BAZ, 0.38,  0.005,   0.3,  0.015, 1.11022e-16,  135.88, 4.71949,   0.104942, -0.012193,  1.000000, 72.4611, 7.21318,   0.092226,  0.067141, 1.000000,      -0.000142,  0.001320, -0.931365,      -0.007442,  0.005185, -0.102986,       0.000000,  0.000000, -0.262113,       0.000000,  0.000000, -0.786339,       0.042004, -0.005379, 0.349614