Sample,  D47, SE_D47,   D48, SE_D48,   pvalue_eq,     Teq,  SE_Teq, correl_Teq,          ,          ,     Tkp,  SE_Tkp, correl_Tkp,          ,         , correl_D47_Teq,          ,          , correl_D48_Teq,          ,          , correl_D47_Tkp,          ,          , correl_D48_Tkp,          ,          , correl_Teq_Tkp,          ,         
   FOO, 0.25,  0.005, 0.155,  0.015,    0.346362, 364.594, 18.7271,   1.000000, -0.020668,  0.105497, 308.887, 36.2857,   1.000000, -0.011806, 0.092226,      -0.942385,  0.000327, -0.001282,      -0.053866, -0.001486,  0.010635,      -0.300926,  0.000000,  0.000000,      -0.902779,  0.000000,  0.000000,       0.374803, -0.008776, 0.026389
   BAR, 0.64,  0.005,  0.27,  0.015,    0.985076, 10.7022, 1.45404,  -0.020668,  1.000000, -0.013333, 10.1227, 3.39259,  -0.011806,  1.000000, 0.067141,       0.000155, -0.960805,  0.001991,      -0.001168, -0.119313, -0.014365,       0.000000, -0.291061,  0.000000,       0.000000, -0.873182,  0.000000,      -0.007407,  0.422513, 0.006796
   BAZ, 0.38,  0.005,   0.3,  0.015, 1.11022e-16,  135.88, 4.72335,   0.105497, -0.013333,  1.000000, 72.4611, 7.21318,   0.092226,  0.067141, 1.000000,      -0.000138,  0.001397, -0.930643,      -0.007437,  0.005166, -0.102652,       0.000000,  0.000000, -0.262113,       0.000000,  0.000000, -0.786339,       0.041319, -0.004769, 0.349398