Sample,  D47, SE_D47,   D48, SE_D48,   pvalue_eq,     Teq,  SE_Teq, correl_Teq,         ,         ,     Tkp,  SE_Tkp, correl_Tkp,          ,         , correl_D47_Teq,          ,          , correl_D48_Teq,          ,          , correl_D47_Tkp,          ,          , correl_D48_Tkp,          ,          , correl_Teq_Tkp,          ,         
   FOO, 0.25,  0.005, 0.155,  0.015,   0.0947376,  365.55, 18.7895,   1.000000, 0.037038, 0.100412, 302.512, 34.5313,   1.000000, -0.005087, 0.089379,      -0.942204,  0.000000,  0.000000,      -0.058593,  0.000000,  0.000000,      -0.304041,  0.000000,  0.000000,      -0.912124,  0.000000,  0.000000,       0.380543, -0.008701, 0.020315
   BAR, 0.64,  0.005,  0.27,  0.015,    0.785648, 10.6156, 1.47249,   0.037038, 1.000000, 0.070321, 9.80061, 3.31884,  -0.005087,  1.000000, 0.061600,       0.000000, -0.948879,  0.000000,       0.000000, -0.129818,  0.000000,       0.000000, -0.295532,  0.000000,       0.000000, -0.886595,  0.000000,       0.014622,  0.411274, 0.020929
   BAZ, 0.39,  0.005,  0.29,  0.015, 9.99201e-16, 127.405, 4.39997,   0.100412, 0.070321, 1.000000, 71.5903, 6.94616,   0.089379,  0.061600, 1.000000,       0.000000,  0.000000, -0.932651,       0.000000,  0.000000, -0.113333,       0.000000,  0.000000, -0.269175,       0.000000,  0.000000, -0.807524,       0.045808, -0.013665, 0.366644