Sample,  D47, SE_D47,   D48, SE_D48,   pvalue_eq,     Teq,  SE_Teq, correl_Teq,          ,          ,     Tkp,  SE_Tkp, correl_Tkp,          ,         , correl_D47_Teq,          ,          , correl_D48_Teq,          ,          , correl_D47_Tkp,          ,          , correl_D48_Tkp,          ,          , correl_Teq_Tkp,          ,         
   FOO, 0.25,  0.005, 0.155,  0.015,    0.247589,  365.55,   18.79,   1.000000, -0.017565,  0.100440, 302.512, 34.5313,   1.000000, -0.005087, 0.089379,      -0.942179,  0.000000,  0.000000,      -0.058646,  0.000000,  0.000000,      -0.304041,  0.000000,  0.000000,      -0.912124,  0.000000,  0.000000,       0.380598, -0.008723, 0.020316
   BAR, 0.64,  0.005,  0.27,  0.015,    0.963693, 10.6156, 1.44532,  -0.017565,  1.000000, -0.003898, 9.80061, 3.31884,  -0.005087,  1.000000, 0.061600,       0.000000, -0.959867,  0.000000,       0.000000, -0.132196,  0.000000,       0.000000, -0.295532,  0.000000,       0.000000, -0.886595,  0.000000,      -0.011838,  0.438184, 0.010288
   BAZ, 0.39,  0.005,  0.29,  0.015, 1.05471e-14, 127.405, 4.39974,   0.100440, -0.003898,  1.000000, 71.5903, 6.94616,   0.089379,  0.061600, 1.000000,       0.000000,  0.000000, -0.932635,       0.000000,  0.000000, -0.113478,       0.000000,  0.000000, -0.269175,       0.000000,  0.000000, -0.807524,       0.045805, -0.013688, 0.366746