Sample,  D47, SE_D47,   D48, SE_D48, pvalue_eq,     Teq,  SE_Teq, correl_Teq,          ,          ,     Tkp,  SE_Tkp, correl_Tkp,          ,         , correl_D47_Teq,          ,          , correl_D48_Teq,          ,          , correl_D47_Tkp,          ,          , correl_D48_Tkp,          ,          , correl_Teq_Tkp,          ,         
   FOO, 0.25,  0.005, 0.155,  0.015,  0.247589,  365.55,   18.79,   1.000000, -0.018134,  0.103331, 302.512, 34.5313,   1.000000, -0.005087, 0.093878,      -0.942180,  0.000000,  0.000000,      -0.058646,  0.000000,  0.000000,      -0.304041,  0.000000,  0.000000,      -0.912124,  0.000000,  0.000000,       0.380594, -0.008712, 0.019778
   BAR, 0.64,  0.005,  0.27,  0.015,  0.963693, 10.6156, 1.45094,  -0.018134,  1.000000, -0.008554, 9.80061, 3.31884,  -0.005087,  1.000000, 0.060910,       0.000000, -0.956153,  0.000000,       0.000000, -0.131685,  0.000000,       0.000000, -0.295532,  0.000000,       0.000000, -0.886595,  0.000000,      -0.017266,  0.450372, 0.013662
   BAZ, 0.38,  0.005,   0.3,  0.015,         0, 135.544, 4.70859,   0.103331, -0.008554,  1.000000, 71.5903, 7.13618,   0.093878,  0.060910, 1.000000,       0.000000,  0.000000, -0.930204,       0.000000,  0.000000, -0.109872,       0.000000,  0.000000, -0.262007,       0.000000,  0.000000, -0.786022,       0.047352, -0.016207, 0.353256