Sample,  D47, SE_D47,   D48, SE_D48,   pvalue_eq,     Teq,  SE_Teq, correl_Teq,          ,          ,     Tkp,  SE_Tkp, correl_Tkp,          ,         , correl_D47_Teq,          ,          , correl_D48_Teq,          ,          , correl_D47_Tkp,          ,          , correl_D48_Tkp,          ,          , correl_Teq_Tkp,          ,         
   FOO, 0.25,  0.005, 0.155,  0.015,    0.346363, 364.595,  18.727,   1.000000, -0.019975,  0.105877, 308.887, 36.2857,   1.000000, -0.011806, 0.092226,      -0.942393,  0.000324, -0.001401,      -0.053892, -0.001624,  0.010407,      -0.300926,  0.000000,  0.000000,      -0.902779,  0.000000,  0.000000,       0.374862, -0.008694, 0.026355
   BAR, 0.64,  0.005,  0.27,  0.015,    0.985076, 10.7021, 1.45352,  -0.019975,  1.000000, -0.012435, 10.1227, 3.39259,  -0.011806,  1.000000, 0.067141,       0.000176, -0.961103,  0.001986,      -0.001401, -0.119339, -0.014184,       0.000000, -0.291061,  0.000000,       0.000000, -0.873182,  0.000000,      -0.006970,  0.422340, 0.006919
   BAZ, 0.38,  0.005,   0.3,  0.015, 1.11022e-16,  135.88,  4.7242,   0.105877, -0.012435,  1.000000, 72.4611, 7.21318,   0.092226,  0.067141, 1.000000,      -0.000142,  0.001320, -0.930247,      -0.007441,  0.005186, -0.102762,       0.000000,  0.000000, -0.262113,       0.000000,  0.000000, -0.786339,       0.041847, -0.005076, 0.349476