Sample,  D47, SE_D47,   D48, SE_D48,   pvalue_eq,     Teq,  SE_Teq, correl_Teq,         ,         ,     Tkp,  SE_Tkp, correl_Tkp,          ,         , correl_D47_Teq,          ,          , correl_D48_Teq,          ,          , correl_D47_Tkp,          ,          , correl_D48_Tkp,          ,          , correl_Teq_Tkp,          ,         
   FOO, 0.25,  0.005, 0.155,  0.015,   0.0947376,  365.55, 18.7889,   1.000000, 0.038053, 0.100320, 302.512, 34.5313,   1.000000, -0.005087, 0.089379,      -0.942246,  0.000000,  0.000000,      -0.058629,  0.000000,  0.000000,      -0.304041,  0.000000,  0.000000,      -0.912124,  0.000000,  0.000000,       0.380584, -0.008723, 0.020296
   BAR, 0.64,  0.005,  0.27,  0.015,    0.785648, 10.6156, 1.47454,   0.038053, 1.000000, 0.073770, 9.80061, 3.31884,  -0.005087,  1.000000, 0.061600,       0.000000, -0.947559,  0.000000,       0.000000, -0.129637,  0.000000,       0.000000, -0.295532,  0.000000,       0.000000, -0.886595,  0.000000,       0.025817,  0.395096, 0.018908
   BAZ, 0.39,  0.005,  0.29,  0.015, 9.99201e-16, 127.405, 4.39947,   0.100320, 0.073770, 1.000000, 71.5903, 6.94616,   0.089379,  0.061600, 1.000000,       0.000000,  0.000000, -0.932711,       0.000000,  0.000000, -0.113309,       0.000000,  0.000000, -0.269175,       0.000000,  0.000000, -0.807524,       0.045827, -0.013729, 0.366612