Sample,  D47, SE_D47,   D48, SE_D48,   pvalue_eq,     Teq,  SE_Teq, correl_Teq,          ,          ,     Tkp,  SE_Tkp, correl_Tkp,          ,         , correl_D47_Teq,          ,          , correl_D48_Teq,          ,          , correl_D47_Tkp,          ,          , correl_D48_Tkp,          ,          , correl_Teq_Tkp,          ,         
   FOO, 0.25,  0.005, 0.155,  0.015,    0.247589,  365.55, 18.7887,   1.000000, -0.018117,  0.100347, 302.512, 34.5313,   1.000000, -0.005087, 0.089379,      -0.942247,  0.000000,  0.000000,      -0.058650,  0.000000,  0.000000,      -0.304041,  0.000000,  0.000000,      -0.912124,  0.000000,  0.000000,       0.380598, -0.008714, 0.020298
   BAR, 0.64,  0.005,  0.27,  0.015,    0.963693, 10.6156, 1.45094,  -0.018117,  1.000000, -0.006164, 9.80061, 3.31884,  -0.005087,  1.000000, 0.061600,       0.000000, -0.956153,  0.000000,       0.000000, -0.131685,  0.000000,       0.000000, -0.295532,  0.000000,       0.000000, -0.886595,  0.000000,      -0.017266,  0.450372, 0.014036
   BAZ, 0.39,  0.005,  0.29,  0.015, 1.05471e-14, 127.405, 4.39982,   0.100347, -0.006164,  1.000000, 71.5903, 6.94616,   0.089379,  0.061600, 1.000000,       0.000000,  0.000000, -0.932637,       0.000000,  0.000000, -0.113477,       0.000000,  0.000000, -0.269175,       0.000000,  0.000000, -0.807524,       0.045804, -0.013687, 0.366745