Sample,  D47, SE_D47,   D48, SE_D48,   pvalue_eq,     Teq,  SE_Teq, correl_Teq,          ,          ,     Tkp,  SE_Tkp, correl_Tkp,          ,         , correl_D47_Teq,          ,          , correl_D48_Teq,          ,          , correl_D47_Tkp,          ,          , correl_D48_Tkp,          ,          , correl_Teq_Tkp,          ,         
   FOO, 0.25,  0.005, 0.155,  0.015,   0.0947376,  365.55,   18.79,   1.000000, -0.020267,  0.100436, 302.512, 34.5313,   1.000000, -0.005087, 0.089379,      -0.942180,  0.000000,  0.000000,      -0.058646,  0.000000,  0.000000,      -0.304041,  0.000000,  0.000000,      -0.912124,  0.000000,  0.000000,       0.380597, -0.008719, 0.020317
   BAR, 0.64,  0.005,  0.27,  0.015,    0.785648, 10.6156, 1.44928,  -0.020267,  1.000000, -0.009443, 9.80061, 3.31884,  -0.005087,  1.000000, 0.061600,       0.000000, -0.964061,  0.000000,       0.000000, -0.083366,  0.000000,       0.000000, -0.295532,  0.000000,       0.000000, -0.886595,  0.000000,      -0.013084,  0.396606, 0.009092
   BAZ, 0.39,  0.005,  0.29,  0.015, 9.99201e-16, 127.405, 4.40001,   0.100436, -0.009443,  1.000000, 71.5903, 6.94616,   0.089379,  0.061600, 1.000000,       0.000000,  0.000000, -0.932634,       0.000000,  0.000000, -0.113471,       0.000000,  0.000000, -0.269175,       0.000000,  0.000000, -0.807524,       0.045822, -0.013736, 0.366726