Sample,  D47, SE_D47,   D48, SE_D48, pvalue_eq,     Teq,  SE_Teq, correl_Teq,          ,          ,     Tkp,  SE_Tkp, correl_Tkp,          ,         , correl_D47_Teq,          ,          , correl_D48_Teq,          ,          , correl_D47_Tkp,          ,          , correl_D48_Tkp,          ,          , correl_Teq_Tkp,          ,         
   FOO, 0.25,  0.005, 0.155,  0.015,  0.247589,  365.55, 18.7886,   1.000000, -0.019631,  0.102917, 302.512, 34.5313,   1.000000, -0.005087, 0.093878,      -0.942248,  0.000000,  0.000000,      -0.058650,  0.000000,  0.000000,      -0.304041,  0.000000,  0.000000,      -0.912124,  0.000000,  0.000000,       0.380594, -0.008703, 0.019760
   BAR, 0.64,  0.005,  0.27,  0.015,  0.963693, 10.6156, 1.44675,  -0.019631,  1.000000, -0.008948, 9.80061, 3.31884,  -0.005087,  1.000000, 0.060910,       0.000000, -0.965749,  0.000000,       0.000000, -0.083512,  0.000000,       0.000000, -0.295532,  0.000000,       0.000000, -0.886595,  0.000000,      -0.007617,  0.383377, 0.005168
   BAZ, 0.38,  0.005,   0.3,  0.015,         0, 135.544, 4.70597,   0.102917, -0.008948,  1.000000, 71.5903, 7.13618,   0.093878,  0.060910, 1.000000,       0.000000,  0.000000, -0.930720,       0.000000,  0.000000, -0.109859,       0.000000,  0.000000, -0.262007,       0.000000,  0.000000, -0.786022,       0.047172, -0.016070, 0.353307