Sample,D47,SE,correl,,,D48,SE,correl,,,p-value,T95,SE,correl
1,0.2500,0.0050,1.000000,0.000000,0.000000,0.1550,0.0150,1.000000,0.000000,0.000000,9.47e-02,365.6,18.8,1.000000,0.037038,0.100412
2,0.6400,0.0050,0.000000,1.000000,0.000000,0.2700,0.0150,0.000000,1.000000,0.000000,7.86e-01,10.6,1.5,0.037038,1.000000,0.070321
3,0.3900,0.0050,0.000000,0.000000,1.000000,0.2900,0.0150,0.000000,0.000000,1.000000,9.99e-16