degree,     coef,    SE_coef,  correl_coef,             ,             
     0, 0.174378, 0.00491111,  1.000000000, -0.937970050,  0.886577100
     1, -18.1422,    5.63233, -0.937970050,  1.000000000, -0.989942490
     2,  42657.2,    1277.13,  0.886577100, -0.989942490,  1.000000000