degree,     coef,    SE_coef, correl_coef,            ,            
     0, 0.174378, 0.00491111,          1., -0.93797005,   0.8865771
     1, -18.1422,    5.63233, -0.93797005,          1., -0.98994249
     2,  42657.2,    1277.13,   0.8865771, -0.98994249,          1.