degree,        coef,     SE_coef,  correl_coef,             ,            ,             ,            
     0,    0.124445,  0.00483018,           1., -0.701167327, 0.701167327, -0.701167327, 0.701167327
     1,     6.16679,     0.38665, -0.701167327,           1.,         -1.,           1.,         -1.
     2,    -13346.7,     836.818,  0.701167327,          -1.,          1.,          -1.,          1.
     3, 9.24299e+06,      579524, -0.701167327,           1.,         -1.,           1.,         -1.
     4, -7.6268e+08, 4.78191e+07,  0.701167327,          -1.,          1.,          -1.,          1.